log po2 bar, delta
-2.0026315789473683, 0.09988700564971752
-1.5263157894736843, 0.09084745762711864
-1.0026315789473683, 0.0790960451977401
-0.18684210526315792, 0.06327683615819209
-0.04210526315789487, 0.06056497175141243
