log po2, delta
-2.002688172043011, 0.02642857142857143
-1.5268817204301075, 0.020535714285714286
-1.010752688172043, 0.014821428571428572
-0.5376344086021505, 0.01142857142857143
-0.20161290322580627, 0.009821428571428571
-0.06720430107526876, 0.009821428571428571
