log po2, delta
-1.9946236559139785, 0.07375000000000001
-1.5268817204301075, 0.05803571428571429
-1.010752688172043, 0.04214285714285714
-0.5403225806451613, 0.03321428571428572
-0.20967741935483852, 0.028214285714285713
-0.06720430107526876, 0.025535714285714287
