log po2, delta
-2, 0.10142857142857142
-1.5295698924731183, 0.08678571428571429
-1.008064516129032, 0.06696428571428571
-0.5403225806451613, 0.053214285714285714
-0.20430107526881702, 0.045
-0.06720430107526876, 0.04232142857142857
