log po2 bar;delta
-2.005263158;0.146666667
-1.531578947;0.134237288
-0.997368421;0.118418079
-0.186842105;0.098531073
-0.044736842;0.095367232
